organism,chembl_id,canonical_smiles,T1/2 /hr,F /%,AUC /ng.hr.mL-1,Cmax /ug.mL-1,Vdss /L.kg-1,CL /mL.min-1.kg-1,LD50 /mg.kg-1
Rattus norvegicus,CHEMBL99946,CCN(CC)C(=O)[C@@]1(c2ccccc2)C[C@H]1CN,2.5,31.4,566.0,0.232,11.9,24.0,2000.0
Rattus norvegicus,CHEMBL99893,C/C(=C(\F)C(=O)Nc1ccc(-c2ccccc2S(N)(=O)=O)cc1Br)c1cccc(C(=N)NO)c1,1.5,52.0,417.2,0.63,14.0,181.0,3500.0
Rattus norvegicus,CHEMBL99828,Cc1cc(-c2ccc(S(C)(=O)=O)cc2)c(-c2ccc(F)cc2)s1,19.4,0.9,505.0,0.2,16.8,35.83,500.0
Rattus norvegicus,CHEMBL9946,CCCCN(CC)c1nc(C)nc2c1c(C)cn2-c1c(C)cc(C)cc1C,1.5,40.0,904.0,0.367,6.7,82.0,3200.0
Rattus norvegicus,CHEMBL99214,C[C@@H]1[C@H](OC(=O)N[C@@H](CSc2ccccc2)[C@H](O)CN2C[C@H]3CCS[C@H]3C[C@H]2C(=O)NC(C)(C)C)CCS1(=O)=O,2.533,39.0,888.34,0.2,12.3,49.8,4000.0
Rattus norvegicus,CHEMBL98936,O=C(N[C@@H](Cc1ccccc1)C[C@H](O)[C@H](Cc1ccccc1)NC(=O)O[C@H]1COC2OCCC21)Oc1cncs1,0.69,41.1,1886.0,1.121,3.4,34.4,1256.6
Mus musculus,CHEMBL98745,O=C1N[C@@H]2C(=C[C@H](O)[C@@H](O)[C@H]2O)c2cc3c(c(O)c21)OCO3,1.1,32.0,1352.2,0.04755,6.0,121.0,650.0
Rattus norvegicus,CHEMBL98044,CN(C[C@H](C(=O)NO)[C@@H](CC1CCCC1)C(=O)N1CCCCC1)S(C)(=O)=O,0.4,12.1,662.0,0.1718,1.23,56.3,1000.1
Mus musculus,CHEMBL98,O=C(CCCCCCC(=O)Nc1ccccc1)NO,0.38,10.0,1486.0,501.0,0.81,0.1122,986.09
Rattus norvegicus,CHEMBL97777,CC(C)c1nc(CN(C)N[C@H](C(=O)N[C@@H](Cc2ccccc2)C[C@H](O)[C@H](Cc2ccccc2)NC(=O)OC2COC3OCCC23)C(C)C)cs1,0.35,11.2,1378.0,0.442,1.11,8.3,500
Rattus norvegicus,CHEMBL97585,CC(C)[C@@H]1[C@H](OC(=O)N[C@@H](CSc2ccccc2)[C@H](O)CN2C[C@H]3CCS[C@H]3C[C@H]2C(=O)NC(C)(C)C)CCS1(=O)=O,1.4,3.5,1230.8,0.2,2.3,8.9,322.4
Mus musculus,CHEMBL97523,Cc1c(F)c(N2C[C@H]3C[C@@H]2CN3)nc2c1c(=O)c(C(=O)O)cn2C1CC1,1.283,3.0,26000.0,9.0,5.6,10.5,1750.0
Rattus norvegicus,CHEMBL97487,CCC1(N(CCO)C(=O)c2ccccc2CCC(O)Cc2ccc(C)cc2C(=O)N(CCC(O)CO)C(C)(C)c2ccccc2)CCCC1,1.3,4.2,1100.2,110.8,1.9,25.0,455.7
Oryctolagus cuniculus,CHEMBL959,CC(N)C12CC3CC(CC(C3)C1)C2,0.5,7.0,1200.0,0.455,1.2,233.33,175.0
Rattus norvegicus,CHEMBL957,COc1ccccc1Oc1c(NS(=O)(=O)c2ccc(C(C)(C)C)cc2)nc(-c2ncccn2)nc1OCCO,4.0,40.0,897.9,0.112,3.3,55.0,1200.3
Rattus norvegicus,CHEMBL95104,O=S(=O)(c1ccc2cc[nH]c2c1)N1CCC[C@@H]1CCN1CCC(Oc2ccc(Cl)cc2)CC1,2.0,16.0,4567.9,0.3,2.9,57.0,2334.1
Rattus norvegicus,CHEMBL941,Cc1ccc(NC(=O)c2ccc(CN3CCN(C)CC3)cc2)cc1Nc1nccc(-c2cccnc2)n1,4.6,76.51,868.84,0.5313,5.5,27.88,566.2
Rattus norvegicus,CHEMBL940,NCC1(CC(=O)O)CCCCC1,1.5,76.0,8600.0,0.4,0.65,6.0,8000.0
Rattus norvegicus,CHEMBL939,COc1cc2ncnc(Nc3ccc(F)c(Cl)c3)c2cc1OCCCN1CCOCC1,2.17,47.4,490.6,0.6213,8.0,68.0,600.8
Rattus norvegicus,CHEMBL93851,CCN(C(=O)OCc1ccccc1)C1CCN(C[C@H]2CN(C(=O)c3ccccc3Cl)C[C@@H]2c2ccccc2)CC1,1.0,18.0,890.9,0.665,0.8,12.2,600.0
Rattus norvegicus,CHEMBL93560,C[C@H](O)[C@@H](CCc1cccc2ccccc12)n1cnc(C(N)=O)c1,0.66,30.0,1370.0,1.25,4.99,307.0,210.0
Rattus norvegicus,CHEMBL92404,C[C@H](O)[C@@H](CCOc1ccc2ccccc2c1)n1cnc(C(N)=O)c1,1.12,42.0,1850.0,0.97,0.9,79.0,587.0
Rattus norvegicus,CHEMBL90568,COc1ccc(-c2cc(=O)c3c(O)cc(O)cc3o2)cc1O,0.514,28.1,427.0,0.56,0.112,238.33,64.0
Rattus norvegicus,CHEMBL88629,COc1ccc(N(C(=O)CN2C(=O)C(C)(Cc3n[nH]c4ccccc34)C(=O)N(c3ccccc3)c3ccccc32)C(C)C)cc1,3.9,40.2,390.0,0.03,4.313,30.0,80.0
Rattus norvegicus,CHEMBL8828,CCCC[C@@H](C[C@@H](CCc1ccc(-c2ccc(F)cc2)cc1)C(=O)N[C@H](C(=O)NC)C(C)(C)C)C(=O)O,4.4,60.0,678.1,0.565,0.32,1.3,225.0
Rattus norvegicus,CHEMBL87307,CCO[C@@H](Cc1ccc(OCC=C(c2ccc(Br)cc2)c2ccc(Br)cc2)cc1)C(=O)O,1.417,78.0,777.4,0.554,2.3,21.4,875.0
Rattus norvegicus,CHEMBL86247,CCc1nc2c(C)cc(C)nc2n1Cc1ccc(-c2c(-c3nn[nH]n3)cnc3ccccc23)cc1,0.68,49.0,890.0,4.2,3.77,313.2,343.5
Mus musculus,CHEMBL850,C[C@H]1CN(c2c(F)c(N)c3c(=O)c(C(=O)O)cn(C4CC4)c3c2F)C[C@@H](C)N1,9.8,57.4,43000.0,0.75,4.11,16.6,2700.0
Rattus norvegicus,CHEMBL84691,CCCC[C@H](NC(=O)OC(C(C)C)C(C)C)C(=O)C(=O)N[C@H](C)c1ccccc1,4.833,3.1,38766.0,1.44,8.65,8.7,562.0
Rattus norvegicus,CHEMBL841,CN(C)C(=O)C(CCN1CCC(O)(c2ccc(Cl)cc2)CC1)(c1ccccc1)c1ccccc1,13.0,34.0,806.0,0.069,7.9,75.0,990.2
Rattus norvegicus,CHEMBL83385,CCCN(CCC)c1c(C)nc(-c2c(C)cc(C)cc2OC)n(CC)c1=O,3.3,2.6,28922.1,0.234,3.454,16.6,600.0
Rattus norvegicus,CHEMBL83279,c1ccc(-n2cnc3cc(-c4ccc(OCCN5CCCCC5)cc4)ccc32)cc1,6.1,76.0,590.0,0.65,1.9,14.4,360.0
Rattus norvegicus,CHEMBL81717,CCC(CC)O[C@@H]1C=C(C(=O)O)C[C@H](NC(=N)N)[C@H]1NC(C)=O,1.567,1.9,450.0,0.3,11.5,3.44,612.0
Rattus norvegicus,CHEMBL809,CN[C@H]1CC[C@@H](c2ccc(Cl)c(Cl)c2)c2ccccc21,0.3833,51.0,430.5,0.71,52.0,71.0,100.0
Mus musculus,CHEMBL8,O=C(O)c1cn(C2CC2)c2cc(N3CCNCC3)c(F)cc2c1=O,1.87,44.5,8000.0,6.0,8.54,3.5,1000.0
Rattus norvegicus,CHEMBL79433,O=C(NO)C1(S(=O)(=O)c2ccc(Oc3ccc(Cl)cc3)cc2)CCN(Cc2ccccc2)CC1,4.4,55.0,327000.0,75.2,0.1,0.3,899.0
Rattus norvegicus,CHEMBL79263,CCOC(=O)[C@]1(Cc2ccccc2)CCCN(C(=O)[C@@H](Cc2c[nH]c3ccccc23)NC(=O)C(C)(C)N)C1,0.4,7.8,1220.5,0.1824,2.7,206.0,142.5
Rattus norvegicus,CHEMBL77826,O=C(O)c1ccc(-c2cc3cccnc3c(-c3ccc4nonc4c3)n2)cc1,12.0,8.0,1000.0,0.211,0.37,2.34,332.8
Mus musculus,CHEMBL741,Nc1nnc(-c2cccc(Cl)c2Cl)c(N)n1,10.1,79.0,487.56,3.5,0.98,1.4,343.9
Rattus norvegicus,CHEMBL710,CC(C)(C)NC(=O)[C@H]1CC[C@H]2[C@@H]3CC[C@H]4NC(=O)C=C[C@]4(C)[C@H]3CC[C@]12C,3.91,54.9,23.79,0.00419,0.99,18.0,683.99
Rattus norvegicus,CHEMBL700,Nc1ccc(S(=O)(=O)Nc2ccccn2)cc1,2.3,43.2,15437.0,3.244,0.86,86.4,878.8
Rattus norvegicus,CHEMBL69723,Nc1nc(/C(=N/O)C(=O)NC2C(=O)N3C(C(=O)O)=C(/C=C\c4csnn4)CSC23)cs1,4.4,70.4,4700.0,6.0,0.599,65.7,1000.0
Rattus norvegicus,CHEMBL6966,COc1ccc(CCN(C)CCCC(C#N)(c2ccc(OC)c(OC)c2)C(C)C)cc1OC,0.3067,52.2,1458.0,0.1343,1.54,74.24,612.0
Rattus norvegicus,CHEMBL68553,CC(C)C[C@@H](C(=O)N[C@H](C(=O)Nc1nccs1)C(C)(C)C)[C@H](C)N(O)C=O,3.4,26.0,957.0,2.33,0.9,62.0,788.2
Rattus norvegicus,CHEMBL674,CCC(CC)O[C@@H]1C=C(C(=O)O)C[C@H](N)[C@H]1NC(C)=O,1.69,4.3,2960.0,0.693,0.8,16.0,232.1
Rattus norvegicus,CHEMBL66089,Nc1ncnc2nc(-c3ccc(N4CCOCC4)nc3)cc(-c3cccc(Br)c3)c12,0.9,22.6,900.32,0.55,2.11,13.33,1000.0
Rattus norvegicus,CHEMBL65665,Nc1ncnc2nc(-c3ccc(N4CCC5(CC4)OCCO5)nc3)cc(-c3cccc(Br)c3)c12,3.6,44.7,2944.0,3.22,1.454,65.0,25.0
Rattus norvegicus,CHEMBL6514,Cc1c(C)c2c(c(C)c1OCc1ccccc1)CCC(C)(CN(C)CCOc1ccc(/C=C3\SC(=O)NC3=O)cc1)O2,4.87,32.1,27470.0,4.12,3.54,309.2,2200.0
Rattus norvegicus,CHEMBL64830,COc1cc(Nc2ncc(-c3ccccc3N(C)C(=O)CN3CCOCC3)o2)ccc1-c1cnco1,5.9,25.0,1467.0,1.112,2.1,71.0,348.4
Rattus norvegicus,CHEMBL64391,CCC(C)n1ncn(-c2ccc(N3CCN(c4ccc(OCC5COC(Cn6cncn6)(c6ccc(Cl)cc6Cl)O5)cc4)CC3)cc2)c1=O,2.57,8.0,343.0,0.00628,0.9,321.67,220.7
Rattus norvegicus,CHEMBL641,CNCC[C@@H](Oc1ccccc1C)c1ccccc1,2.8,1.5,910.0,0.17,0.33,36.4,232.5
Mus musculus,CHEMBL64,NNC(=O)c1ccncc1,18.62,65.0,55340.0,298.2,0.54,0.21,151.0
Rattus norvegicus,CHEMBL61322,CC/N=C(\S)c1cccnc1S,0.6197,23.3,15800.0,34,0.93,20.0,100.0
Rattus norvegicus,CHEMBL609583,O=C(NO)c1cnc(N2CCN(S(=O)(=O)c3ccc4ccccc4c3)CC2)nc1,1.5,20.0,3381.0,21.3,0.6,13.33,343.2
Rattus norvegicus,CHEMBL605921,N#Cc1c(-c2ccc(Oc3ccccc3)cc2)ccn2c(CC(F)(F)F)cnc12,2.1,27.0,714.0,0.274,0.5,56.67,3483.3
Mus musculus,CHEMBL605412,O=C(NCC(O)c1cccnc1)c1ccc(N2CCC3(CCc4c(cccc4C(F)(F)F)O3)CC2)nn1,2.0,67.0,13000.0,3.5,3.4,17.0,400.0
Rattus norvegicus,CHEMBL605408,COC(=O)NCCO[C@@H](c1cccc(Cl)c1)[C@@H]1CCCN(C(=O)N[C@H](CN)CC2CCCCC2)C1,7.8,7.2,201.0,0.063,51.0,53.0,422.0
Mus musculus,CHEMBL604871,Cc1ccccc1C(=O)C1CCN(c2ccc(C(=O)NCC(O)c3cccnc3)nn2)CC1,1.3,68.0,7800.0,6.3,32,29.0,699.0
Rattus norvegicus,CHEMBL604710,O=C(CC(c1ccccc1)c1ccccc1)N1CCN(C(c2ccccc2)c2ccccc2)CC1,3.3,30.0,761.0,0.235,9.868,45.5,711.4
Rattus norvegicus,CHEMBL602468,CCC(NC(=O)c1ccc2c(c1)c(C)c(C)n2Cc1ccc(-c2ccccc2C(=O)O)cc1)c1ccccc1,4.58,52.0,1329.0,0.319,17.0,40.0,232.1
Rattus norvegicus,CHEMBL602337,CC(C)CC(NC(=O)c1cc(COc2ccccc2)ccc1CCC(=O)O)c1ccccc1,12.0,31.0,434,2.66,2.2,15.3,56.2
Rattus norvegicus,CHEMBL601500,Cc1ccccc1CN(c1ccc(C#N)c(Cl)c1)[C@H]1CCN(S(C)(=O)=O)C1,1.6,100.0,342,0.221,12.0,98.0,2.5
Mus musculus,CHEMBL600002,CCCCC(C(=O)COc1c(F)c(F)cc(F)c1F)n1cc([C@@](C)(NCc2ccc3ncccc3c2)C(C)C)nn1,2.95,21.0,4673.0,4.133,4.2,36.2,225.0
Rattus norvegicus,CHEMBL599589,O=C(c1ccc(Cn2cnc3ccccc32)cc1)N1CC[C@H](N2CCCC2)C1,1.3,93.0,2736.0,1.751,3.6,56.0,667
Mus musculus,CHEMBL598608,O=C(NCCS(=O)(=O)c1ccc(C(F)(F)F)cn1)c1ccc(Cl)cc1,2.7,77.0,3343.0,0.881,1.7,39.0,15
Rattus norvegicus,CHEMBL598172,COc1ccc(NC(=O)Nc2ccc(F)cc2F)cc1-c1c(Br)cnn1C,3.0,85.4,298.0,0.044,5.3,23.0,65
Mus musculus,CHEMBL597997,Cc1sc(C)c(C(=O)NC2(c3ccc(C(=O)O)cc3)CC2)c1Cc1ccc(C(F)(F)F)cc1,4.5,21.0,867,0.5,0.9,23.0,80.0
Rattus norvegicus,CHEMBL59765,CCOC(=O)COc1ccc2c(c1)C[C@@H](NC[C@H](O)c1cccc(Cl)c1)CCC2,0.3,29.0,83.0,0.038,0.87,35.4,77
Rattus norvegicus,CHEMBL597375,Cc1cc(C)cc(C(CC(C)C)NC(=O)c2cc(COc3cc(F)ccc3F)ccc2CCC(=O)O)c1,2.1,19.0,470.0,0.52,1.43,44.5,98
Rattus norvegicus,CHEMBL597146,Cc1cc(C)cc(C(CC(C)C)NC(=O)c2cc(COc3cccc(F)c3)ccc2CCC(=O)O)c1,1.9,23.0,1090.0,0.39,1.32,45.2,254.0
Rattus norvegicus,CHEMBL596903,CC(C)CC(NC(=O)c1cc(COc2ccccc2)ccc1CCC(=O)O)c1cccc2ccccc12,2.1,3.9,343,0.28,0.8,16.0,35
Rattus norvegicus,CHEMBL596401,CCC(C)(C)C(=O)Nc1cc(C)c(C)c(S(=O)(=O)N2CCOCC2)c1,0.7,22.0,4805.0,1.221,2.5,70.0,422.0
Rattus norvegicus,CHEMBL595910,O=C(NO)c1cnc(N2CCN(C(/C=C/c3ccccc3)CO)CC2)nc1,2.6,19.0,776.3,0.55,5.8,98.33,562.0
Rattus norvegicus,CHEMBL595707,CC(c1ccc(N2CC[C@H](NS(=O)(=O)c3cc4ccc(Cl)cc4s3)C2=O)c(F)c1)N(C)C,3.1,10.0,453.0,0.44,0.52,2.1,122.0
Rattus norvegicus,CHEMBL594671,CC(C)[C@H](C(=O)Nc1nccs1)c1ccc(Cl)cc1,3.667,15.0,10000.0,23.1,7.0,54.0,86.4
Rattus norvegicus,CHEMBL594544,O=C(NO)c1cnc(N2CCN(C(/C=C/c3ccc(F)cc3)CO)CC2)nc1,0.8,22.0,521.0,1.22,1.6,76.67,77.99
Rattus norvegicus,CHEMBL594034,Cc1oc(-c2ccccc2)nc1CCCc1ccc(C[C@@H](C(=O)O)n2nccn2)cc1,7.5,42.0,928.0,3.55,2.9,18.0,87.00
Rattus norvegicus,CHEMBL593277,O=C([O-])CCc1ccc(Cn2cccn2)cc1OCCc1ccc2ccccc2c1.[Na+],2.93,53.0,22900.0,8.32,0.538,2.77,122.0
Rattus norvegicus,CHEMBL593205,CCCCN1C(=O)[C@H](CC2CCCCC2)NC(=O)C12CCN(CCc1cccc(Oc3ccc(C(=O)O)cc3)c1)CC2.Cl,0.8067,34.1,10532.0,7.2,0.145,16.0,199.0
Rattus norvegicus,CHEMBL592765,CNC[C@H](CC1CCCCC1)NC(=O)N1CCC[C@@H]([C@@H](OCCNC(=O)OC)c2cc(F)cc(Cl)c2)C1,7.2,13.1,166.0,0.054,38.0,41.0,1000.0
Rattus norvegicus,CHEMBL592763,CNC[C@H](CC1CCCCC1)NC(=O)N1CCC[C@@H]([C@@](O)(CCCNC(=O)OC)c2cccc(Cl)c2)C1,1.8,0.3,10.0,0.005,29.0,34.0,121.1
Rattus norvegicus,CHEMBL592762,CNC[C@H](CC1CCCCC1)NC(=O)N1CCC[C@@H]([C@@H](OCCNC(=O)OC)c2cccc(F)c2)C1,12.7,22.1,380.0,0.123,61.0,58.0,999.1
Mus musculus,CHEMBL592646,CCCCC(C(=O)COc1c(F)c(F)cc(F)c1F)n1cc([C@@](C)(NCc2ccc3ncccc3c2)C2CCCC2)nn1,3.0,23.0,8096.0,6.55,5.4,19.0,343.6
Rattus norvegicus,CHEMBL591578,CNC[C@H](CC1CCCCC1)NC(=O)N1CCC[C@@H]([C@@H](OCCNC(=O)OC)c2cccc(Cl)c2)C1,9.7,9.0,301.0,0.094,19.0,36.0,886.0
Rattus norvegicus,CHEMBL591118,COc1cc2c(cc1OC)[C@@H]1C[C@H](N)[C@@H](N3C[C@@H](CF)CC3=O)CN1CC2,5.3,28.0,233.0,0.5,6.3,24.0,455
Mus musculus,CHEMBL590958,CC(=O)c1ccc(Nc2c3ccccc3nc3occc23)cc1,0.3,2.1,211.0,3.064,1.2,158.0,677
Rattus norvegicus,CHEMBL590593,C[C@H](O)C(=O)N1CC[C@H](N(Cc2cc(Cl)ccc2Cl)c2ccc(C#N)c(Cl)c2)C1,1.1,100.0,122.4,0.134,10.0,150.0,899
Rattus norvegicus,CHEMBL590069,CCCCCOC(=O)N1CCN(C(=O)[C@H](CCC(=O)O)NC(=O)c2cc(N3CC[C@@H](OCC(=O)N(CC)CC)C3)cc(-c3ccccc3)n2)CC1,0.3,22.0,344.2,1.22,2.1,87.0,232
Rattus norvegicus,CHEMBL589908,O=C(c1ccc(Cn2ccc3cccc(Cl)c32)cc1)N1CC[C@H](N2CCCC2)C1,1.9,5.0,63.0,0.022,7.3,112.0,656
Mus musculus,CHEMBL589766,CC(C)OC(=O)C1=CN(C(=O)c2ccc(OCCCN3CCOCC3)cc2)CC(C)(C)c2c1[nH]c1cc(F)ccc21,6.3,21.0,370.0,0.081,0.9,52.0,97
Rattus norvegicus,CHEMBL589305,COc1ccc(Cc2cc([C@@H]3O[C@H](CO)[C@@H](O)[C@H](O)[C@H]3O)ccc2Cl)cc1,2.09,77.0,1225.0,0.165,0.9,14.0,100.0
Mus musculus,CHEMBL584052,O=C1Nc2ccccc2-c2ccnc3[nH]cc(c23)C1c1ccc(O)cc1,2.7,66.1,12500.0,1.0,2.3,12.1,45
Rattus norvegicus,CHEMBL583253,CCCc1cc(=O)oc2c3c(c4c(c12)OC(C)(C)C=C4)OC(CCl)CC3=O,3.8,32.7,4700.0,0.34,3.2,25.6,108.0
Rattus norvegicus,CHEMBL583042,Cc1cnc(Nc2ccc(F)cc2Cl)nc1-c1c[nH]c(C(=O)N[C@H](CO)c2cccc(Cl)c2)c1,3.0,67.0,1600.0,0.99,3.4,55.0,455
Mus musculus,CHEMBL580059,Cc1[nH]c(C)c(-c2ccc(OCc3ccc(OC(F)(F)F)cc3)nc2)c(=O)c1Cl,5.32,11.0,5600.0,0.3,4.6,2.74,12
Mus musculus,CHEMBL578606,CN1CCN(c2ccccc2C(=O)/C=C/c2ccc(/C=C/C(=O)NO)nc2)CC1,2.3,6.3,1397.0,0.4,2.1,59.67,35
Mus musculus,CHEMBL577946,CN1CCN(Cc2ccccc2C(=O)/C=C/c2cccc(/C=C/C(=O)NO)c2)CC1,8.27,3.1,849.0,1.44,20.1,98.0,64
Mus musculus,CHEMBL577513,CN1CCN(c2ccccc2C(=O)/C=C/c2cccc(/C=C/C(=O)NO)n2)CC1,8.6,2.9,1898.0,2.32,13.9,44.0,90
Rattus norvegicus,CHEMBL576982,CC(C)(C)c1cc(NC(=O)Nc2ccc(-c3cn4c(n3)sc3cc(OCCN5CCOCC5)ccc34)cc2)no1,4.38,48.0,14467.0,0.9,5.1,7.11,434.0
Rattus norvegicus,CHEMBL574663,CO[C@H]1C[C@@H](CO[C@H]2CC[C@H](C(=O)O)CC2)N(C(=O)Cc2cc(Cl)c(NC(=O)c3cn(C)c4ccccc34)cc2Cl)C1,1.5,100.0,975.0,0.385,1.222,19.3,37.0
Rattus norvegicus,CHEMBL574613,CC[S@+]([O-])c1ccc(-c2coc3ccc(-c4ccc(C)o4)cc23)cc1,1.2,65.5,1229.1,0.2896,1.65,28.4,120.0
Rattus norvegicus,CHEMBL574588,Cc1ccc(-c2ccc3occ(-c4ccc([S@+](C)[O-])cc4)c3c2)o1,2.1,72.8,1380.0,0.3969,1.134,27.4,132.5
Rattus norvegicus,CHEMBL574128,CC(=O)O[C@H]1CC2=C([C@H](C)C[C@H](OC(C)=O)[C@@H](OC(C)=O)C(C)(C)OC(C)=O)CC[C@]2(C)[C@@]2(C)CC[C@H]3C(C)(C)C(=O)CC[C@]3(C)[C@H]12,1.63,40.9,1045.0,0.383,5.73,64.5,227.0
Rattus norvegicus,CHEMBL573829,Cc1nc2ccc(NCc3cccc(C(F)(F)F)c3)cc2n(CCNC(=O)CO)c1=O,0.95,78.0,148.0,0.374,3.0,88.1,81.0
Rattus norvegicus,CHEMBL573677,C[C@H](CCOc1cccc(CC(=O)O)c1)N(Cc1cccc(C(F)(F)F)c1Cl)CC(c1ccccc1)c1ccccc1,1.817,71.0,500.1,2.126,1.9,23.7,936.0
Mus musculus,CHEMBL573,O=C(O)c1cccnc1,0.02,100.0,6980.0,0.369,1.0,167.0,80.0
Rattus norvegicus,CHEMBL572056,CC[C@]1(C)C[C@@H](OC(=O)NC(=O)c2ccc(OP(=O)([O-])[O-])cc2)[C@@]2(C)[C@H]3C(=O)CC[C@@]3(CC[C@H]2C)[C@@H](C)[C@@H]1O.[Na+].[Na+],0.51,34.5,1290.0,3.5,3.9,76.0,54.2
Rattus norvegicus,CHEMBL571581,Cc1c(Nc2c(C#N)cncc2-c2cc3cc(CN4CCN(C)CC4)ccc3o2)ccc2[nH]ccc12,0.45,35.0,1140.0,0.108,1.2,55.0,7.9
Rattus norvegicus,CHEMBL571278,C#Cc1cccc(Nc2nccc3c(Nc4ncccc4-c4cc(NC)ncn4)c(C)ccc23)c1,2.8,76.0,9414.0,4.5,2.2,12.17,100.0
Mus musculus,CHEMBL571104,CN1CCN(c2cccc(C(=O)/C=C/c3cccc(/C=C/C(=O)NO)n3)c2)CC1,8.5,2.0,1506.0,3.2,18.3,55.33,433.0
Rattus norvegicus,CHEMBL571000,O=CNCC(=O)N1C[C@H](NC(=O)c2ccccc2)C[C@H]1C(=O)O,0.5,2.0,144.0,0.089,0.2,12.0,323.5
Rattus norvegicus,CHEMBL570867,Cc1cc2cc(N/C(=N\C(=O)c3ccc(C(=O)N(C)C)nc3)N[C@H]3CCCCN(CC(=O)N4CCCC4)C3=O)ccc2o1,1.6,55.0,232.9,2.2,3.3,27.0,400.0
Rattus norvegicus,CHEMBL570667,NCC1CCN(c2nccc(-c3ccc4ccccc4c3)n2)CC1,8.2,78.0,1029.0,0.277,22.0,32.0,422.0
Rattus norvegicus,CHEMBL570573,CNc1cc(-c2cccnc2Nc2c(C)ccc3c(Nc4ccc5sc(C)nc5c4)nccc23)ncn1,2.9,100.0,12300.0,0.6,0.72,5.5,56.0
Mus musculus,CHEMBL570567,CNc1cc(-c2cccnc2Nc2c(C)ccc3c(Nc4ccc(C#N)cc4)nccc23)ncn1,2.7,100.0,52800.0,0.5,0.37,1.833,54.9
Rattus norvegicus,CHEMBL570295,CCCCOC(=O)N1CCN(C(=O)[C@H](CCC(=O)O)NC(=O)c2cc(N3CCC(C(=O)NCC)CC3)cc(-c3ccccc3)n2)CC1,0.001667,7.0,545.6,0.122,0.3,16.0,46.0
Mus musculus,CHEMBL570214,CN1CCN(Cc2ccc(C(=O)/C=C/c3ccc(/C=C/C(=O)NO)nc3)cc2)CC1,9.7,5.5,1052.0,0.504,31.9,79.17,21.1
Mus musculus,CHEMBL569748,CN1CCN(Cc2cccc(C(=O)/C=C/c3ccc(/C=C/C(=O)NO)nc3)c2)CC1,6.7,3.9,736.0,0.6,28.4,113.0,2.5
Mus musculus,CHEMBL569716,CN1CCN(c2ccccc2C(=O)/C=C/c2ccc(/C=C/C(=O)NO)cc2)CC1,2.0,18.1,698.0,0.9,5.4,119.0,225.0
Mus musculus,CHEMBL569434,CCOc1ccc(Cc2cc([C@@H]3OC(OC)[C@@H](O)[C@H](O)[C@H]3O)ccc2Cl)cc1,1.29,100.0,343.5,0.887,2.93,27.65,122.0
Mus musculus,CHEMBL569327,CN1CCN(Cc2ccccc2C(=O)/C=C/c2ccc(/C=C/C(=O)NO)nc2)CC1,5.55,4.5,1492.0,0.454,11.7,55.83,224.6
Mus musculus,CHEMBL568872,CN1CCN(Cc2ccc(C(=O)/C=C/c3cccc(/C=C/C(=O)NO)n3)cc2)CC1,7.3,2.6,2524.0,0.567,16.07,29.17,200.1
Rattus norvegicus,CHEMBL568580,CN1CCN(c2cc(C3=C(c4c[nH]c5ccccc45)C(=O)NC3=O)c3ccccc3c2)CC1,4.5,12.0,4320.0,0.242,12.0,19.3,80.0
Rattus norvegicus,CHEMBL568138,COc1cnc2c(NCc3nnc4ccc(-c5cc(F)cc(F)c5)nn34)ccnc2c1,3.84,62.0,31100.0,0.330,0.201,0.7167,100.0
Rattus norvegicus,CHEMBL566248,CCC(C)(C)C(=O)Nc1cc(CN2CCOCC2)c(C)cn1,0.5,57.0,158.0,0.185,3.5,96.67,90.55
Rattus norvegicus,CHEMBL565632,CN(C)CCOc1cc(C2=C(c3c[nH]c4ccccc34)C(=O)NC2=O)c2ccccc2c1,20.6,1.0,2694.0,0.0162,48.2,30.9,254.0
Rattus norvegicus,CHEMBL565612,CN1CCN(c2nc(C3=C(c4c[nH]c5ccccc45)C(=O)NC3=O)c3ccccc3n2)CC1,3.2,19.0,2208.0,0.622,6.5,45.0,601.2
Rattus norvegicus,CHEMBL565122,C[C@H](Cc1ccccc1)n1c(-c2ccccc2O)nc2ccnc(C(F)(F)F)c2c1=O,0.6,12.0,518.0,0.125,1.4,32.2,422.0
Rattus norvegicus,CHEMBL565022,CCN1C[C@@H](N(Cc2cc(Cl)ccc2Cl)c2ccc(C#N)c(Cl)c2)CC1=O,1.8,100.0,150.0,0.084,35.0,230.0,562.0
Mus musculus,CHEMBL564740,CCN(CC)c1ccc(C(=O)Nc2ncc(Cc3cccc(C(F)(F)F)c3)s2)cc1OCCO,0.7,51.0,1000.0,0.8,21.0,83.0,231.4
Rattus norvegicus,CHEMBL564575,Cc1ccc(NC(=O)c2cccc(C(F)(F)F)c2)cc1/C=C/n1cnc2c(NC3CC3)ncnc21,4.0,40.0,32151.0,2.613,3.4,3.167,232.4
Rattus norvegicus,CHEMBL564555,CC(C)Cc1cc(-c2c[nH]c3ncc(-c4ccccc4)cc23)ccc1C(=O)O,1.167,23.0,373.0,1.0,0.62,21.9,342.0
Mus musculus,CHEMBL564507,CCNc1ccc(C(=O)Nc2ncc(Cc3cccc(C(F)(F)F)c3)s2)cc1OCCO,1.1,27.0,4000.0,1.8,2.5,21.0,100.0
Rattus norvegicus,CHEMBL564405,COc1ccc(-c2ccc(N3CC[C@@H]4CN(C)C[C@@H]43)cc2)cc1,2.0,53.3,119.9,0.0188,2.3,74.83,87.0
Rattus norvegicus,CHEMBL564363,CS(=O)(=O)CCCn1c(CN2C(=O)/C(=N/OCCF)c3cccnc32)nc2ccccc21,0.2,14.0,454,0.014,1.8,130.0,90.5
Rattus norvegicus,CHEMBL564054,Cn1c(=O)cc(Nc2cc(C(=O)NC3CC3)ccc2Cl)c2cnn(-c3c(F)cccc3F)c21,3.4,9.0,139.0,0.7,1.9,21.67,1000.0
Rattus norvegicus,CHEMBL563998,CN1C[C@H]2CCN(c3ccc(-c4ccc(C#N)cc4)cc3)[C@H]2C1,2.4,39.4,170.7,0.0218,3.1,39.5,80.0
Rattus norvegicus,CHEMBL563978,O=c1c2c(C(F)(F)F)nccc2nc(-c2ncccc2O)n1CCC1CCCCC1,0.62,23.0,489.5,0.06,3.2,35.9,80.0
Rattus norvegicus,CHEMBL563897,CCn1c(=O)n([C@@H](c2ccccc2)[C@H](O)CNC)c2ccccc21,3.6,56.0,1845.0,0.306,0.9,54.0,28.0
Rattus norvegicus,CHEMBL563824,CC(Cc1ccc(Oc2cc(N3CCN(Cc4ccccc4)CC3)nc(N)n2)cc1)(Oc1ccccc1)C(=O)O,9.0,100.0,5920.0,3.79,0.8,3.3,100.0
Rattus norvegicus,CHEMBL563341,CN1CC[C@@H](N(Cc2ccccc2C(F)(F)F)c2ccc(C#N)c(Cl)c2)C1,5.8,29.0,50.0,0.013,55.9,510.0,211.0
Mus musculus,CHEMBL563327,CCNC(=O)c1cc2c(-c3cc(OCCN4CCCC4)c(Cl)cc3Cl)nc(N)nc2s1,2.5,33.6,1155.0,0.38,0.9,54.0,312.4
Rattus norvegicus,CHEMBL563215,C[C@H](Cc1ccc(F)c(F)c1)n1c(-c2ncccc2O)nc2ccnc(C(F)(F)F)c2c1=O,3.9,65.4,364.0,0.165,8.6,46.5,90.6
Rattus norvegicus,CHEMBL563097,CONC(=O)c1ccc(C)c(Nc2cc(=O)n(C)c3c2cnn3-c2ccc(F)cc2F)c1,3.3,15.0,120.0,0.5,1.7,43.33,54.3
Rattus norvegicus,CHEMBL562527,CCn1c(=O)cc(Nc2cc(C(=O)NC3CC3)ccc2Cl)c2cnn(-c3ccc(F)cc3)c21,3.7,45.0,2293.0,0.22,1.8,6.833,80.0
Rattus norvegicus,CHEMBL561932,Cn1c(=O)cc(Nc2cc(C(=O)NC3CC3)ccc2Cl)c2cnn(-c3ccc(F)cc3)c21,5.8,84.0,6547.0,0.122,0.97,4.333,122.5
Rattus norvegicus,CHEMBL561798,CCN1CCc2c(C)c(NS(C)(=O)=O)c(C)c(NC(=O)C(C)(C)C)c21,2.59,77.0,10750.0,2.9,0.81,4.3,122.6
Rattus norvegicus,CHEMBL561652,C[C@@H](CO)Oc1cc(Oc2ccc(S(C)(=O)=O)cc2)cc(C(=O)Nc2nccs2)c1,1.3,86.0,800,2.1,0.19,3.9,209.5
Mus musculus,CHEMBL561564,CNC(=O)c1nn(C)c2c1C(C)(C)Cc1cnc(Nc3ccc(N4CCN(C)CC4)cc3)nc1-2.Cl,2.6,85.0,667,3.5,4.822,31.22,108.0
Rattus norvegicus,CHEMBL561484,CCOC(=O)N1CCN(C(=O)[C@H](CCC(=O)O)NC(=O)c2cc(OCCOC)cc(-c3ccccc3)n2)CC1,0.2,33.0,473,4.6,13.6,94.0,1000.0
Rattus norvegicus,CHEMBL561339,CCN(CC)C(=O)c1ccc(C2=CC3(CCNCC3)Oc3ccccc32)c(O)c1,4.9,37.6,4611.0,0.246,18.1,55.0,322.0
Mus musculus,CHEMBL561312,COC(=O)Nc1ccc2sc3cc(S(=O)(=O)N[C@H](C(=O)O)C(C)C)ccc3c2c1,3.1,34.0,866.0,1.815,1.7,31.2,100.8
Mus musculus,CHEMBL561311,COC(=O)Nc1ccc2sc3cc(S(=O)(=O)N[C@@H](C(=O)O)C(C)C)ccc3c2c1,0.5,19.0,1200.0,0.738,3.7,59.9,200.0
Mus musculus,CHEMBL561073,COc1cc(C(=O)Nc2ncc(Cc3cccc(C(F)(F)F)c3)s2)ccc1OCCO,1.4,0.2,24000.0,0.07,2.5,3.4,300.0
Mus musculus,CHEMBL561057,CC(C)=CCC/C(C)=C/CNCCNC1C2CC3CC(C2)CC1C3,3.71,21.9,2326.05,0.4986,1.2,82.33,100.0
Rattus norvegicus,CHEMBL560895,CC1(C)CC(=O)c2c(C(F)(F)F)nn(-c3ccc(C(N)=O)c(N[C@H]4CC[C@H](O)CC4)c3)c2C1,3.0,40.0,8517.0,1.724,3.2,54.0,212.0
Mus musculus,CHEMBL560775,C[C@@H]1CN(c2ccc(F)cc2C(F)(F)F)CCN1S(=O)(=O)c1ccc(C(N)=O)cc1,3.2,43.0,1776.0,2.833,3.7,19.0,233.4
Rattus norvegicus,CHEMBL560730,Cc1ccc(C(=O)NC2CC2)cc1Oc1cc(=O)n(C)c2c1cnn2-c1c(F)cccc1F,2.3,7.0,244.0,0.5,1.3,10.5,400.0
Mus musculus,CHEMBL560592,NCC(=O)N1C[C@H](NC(=O)c2ccccc2)C[C@H]1C(=O)O,1.9,6.0,73.0,0.026,2.7,65.0,422.0
Mus musculus,CHEMBL560531,CC(C)NC(=O)[C@@H]1C[C@@H](NC(=O)c2ccccc2)CN1C(=O)CN,1.6,6.0,90.0,0.044,2.0,58.0,312.0
Mus musculus,CHEMBL560514,C[C@@H]1CN(c2ccc(F)cc2C(F)(F)F)CCN1S(=O)(=O)c1ccc(N2CCC(C(=O)O)CC2)cc1Cl,2.6,100.0,20507.0,6.882,2.0,9.0,490.8
Rattus norvegicus,CHEMBL560423,O=C(NCC1(O)CCCCCC1)c1cc(-n2ncc(=O)[nH]c2=O)ccc1Cl,3.2,75.0,1222.0,1.3,8.5,20.0,222.3
Rattus norvegicus,CHEMBL560390,Cn1c(=O)cc(Nc2cc(C(=O)NC3CC3)ccc2Cl)c2cnn(-c3cc(F)ccc3F)c21,2.1,56.0,2163.0,0.9,1.2,8.667,100.0
Rattus norvegicus,CHEMBL559968,O=C(NCCc1ccccc1Cl)c1cc(-n2ncc(=O)[nH]c2=O)ccc1Cl,3.0,44.0,300.9,2.0,0.3,9.5,255.0
Rattus norvegicus,CHEMBL559638,O=C1c2cccc3c(NCCO)ccc(c23)C(=O)N1c1cccc(Br)c1,0.7,83.0,399.0,0.5,1.1,12.0,1000
Rattus norvegicus,CHEMBL559628,Cc1ccc(C(=O)Nc2cccc(C(C)(C)C)c2)cc1/C=C/n1cnc2c(NC3CC3)ncnc21,2.1,3.5,297.0,0.1,21.0,29.83,500.0
Rattus norvegicus,CHEMBL559327,CC(C)N1C[C@@H](N(Cc2ccccc2Cl)c2ccc(C#N)c(Cl)c2)CC1=O,5.8,100.0,30.0,0.01,42.0,40.0,65.4
Rattus norvegicus,CHEMBL559212,CCCN1C(=O)N2C[C@@H](C(C)C)N=C2c2[nH]c(C34CCC(CCC(=O)O)(CC3)CC4)nc21.Cl,3.1,77.0,2600.0,0.08,0.9,22.0,788.0
Rattus norvegicus,CHEMBL558937,CC(C)=CCC/C(C)=C/CN(CCNC1C2CC3CC(C2)CC1C3)C(=O)OCOC(=O)C(C)(C)C.O=C(O)/C=C\C(=O)O,5.6,72.6,4224.8,0.5856,0.8,50.0,80.0
Rattus norvegicus,CHEMBL558912,Cc1ccc(C(=O)NC2CC2)cc1Nc1cc(=O)n(C)c2c1cnn2-c1c(F)cccc1F,2.8,12.0,273.0,0.039,1.2,14.67,122.4
Rattus norvegicus,CHEMBL558664,CN1CC[C@H](N(Cc2ccccc2C(F)(F)F)c2ccc(C#N)c(Cl)c2)C1,3.6,23.0,1200.0,0.02,39.0,120.0,111.1
Rattus norvegicus,CHEMBL558642,O=C(O)c1ccc(-c2c[nH]c3ncc(-c4ccccc4)cc23)cc1C1CCCC1,1.583,11.2,313.0,0.5,0.77,25.7,254.0
Rattus norvegicus,CHEMBL558637,O=C(CN1C[C@H](NC(=O)c2ccc(Cl)s2)[C@@H](OCCO)C1)Nc1ccc(-n2ccccc2=O)cc1F,0.35,16.0,1100.0,0.008,1.1,57.1,100.0
Rattus norvegicus,CHEMBL558448,Cn1c(=O)cc(Nc2cc(C(=O)NC3CC3)ccc2Cl)c2cnn(-c3ccc(F)cc3F)c21,3.8,81.0,4612.0,0.1,1.2,6.167,422.0
Rattus norvegicus,CHEMBL557980,CCCN1C(=O)N2C[C@@H](CC)N=C2c2[nH]c(C34CCC(O)(CC3)CC4)nc21.Cl,3.8,84.0,800.0,0.3,4.1,18.0,562.0
Rattus norvegicus,CHEMBL557527,COc1ccc(-c2ccc(Cn3c(CC(C)(C)C(=O)O)c(SC(C)(C)C)c4cc(OCc5ccccn5)ccc43)cc2)cn1,2.2,100.0,26000.0,9.0,0.3,5.4,100.0
Mus musculus,CHEMBL557165,COc1c(C)cnc(Cn2cnc3c(Cl)nc(N)nc32)c1C.Cl,0.8,42.0,4800.0,10.0,0.8,21.3,100.0
Rattus norvegicus,CHEMBL557152,CCCN1C(=O)N2C[C@@H](C(C)C)N=C2c2[nH]c(C34CCC(O)(CC3)CC4)nc21.Cl,2.9,54.0,810.0,0.9,1.7,21.0,121.4
Rattus norvegicus,CHEMBL557062,CCC(=O)ON1CCN(C(=O)[C@H](CCC(=O)O)NC(=O)c2cccc(-c3ccccc3)n2)CC1,1.8,34.0,899.0,0.7,15.5,98.0,210.0
Mus musculus,CHEMBL556874,Cc1ccc(C(=O)Nc2cc(C(F)(F)F)ccn2)cc1/C=C/n1cnc2c(NC3CC3)ncnc21,5.7,100.0,21195.0,23.53,0.8,0.6667,240.0
Rattus norvegicus,CHEMBL556669,Cc1ccc(C(=O)Nc2cc(C(C)(C)C)on2)cc1/C=C/n1cnc2c(NC3CC3)ncnc21,3.7,45.0,7540.0,1.04,0.7,15.0,1000.0
Rattus norvegicus,CHEMBL555693,CC(C)n1c(=O)c(C(=O)N[C@@H]2C[C@@H]3CC[C@H](C2)N3CCCCCCCN2CCN(S(C)(=O)=O)CC2)cc2ccccc21,20.3,20.0,83.0,0.01,0.9,32.8,765.0
Rattus norvegicus,CHEMBL555017,CC(C)=CCC[C@]1(C)C=Cc2c(O)c3c(c(CC=C(C)C)c2O1)O[C@]12C(=C[C@@H]4C[C@H]1C(C)(C)O[C@@]2(C/C=C(/C)C(=O)O)C4=O)C3=O,5.06,13.4,2005.0,0.191,0.05,41.02,445.0
Rattus norvegicus,CHEMBL553175,COc1ccc(-c2ccc(Cn3c(CC(C)(C)C(=O)O)c(SC(C)(C)C)c4cc(OCc5ccccn5)ccc43)cc2)nc1,2.2,100.0,61600.0,21.8,0.3,2.8,600.0
Rattus norvegicus,CHEMBL552567,COc1ccc(-c2ccc(Cn3c(CC(C)(C)C(=O)O)c(SC(C)(C)C)c4cc(OCc5ccccn5)ccc43)cc2)nn1,2.1,42.0,61600.0,7.9,0.51,2.8,360.0
Mus musculus,CHEMBL552394,C[C@@H]1CN(c2ccc(F)cc2C(F)(F)F)CCN1S(=O)(=O)c1ccc(N2CCOCC2)cc1Cl,3.8,12.0,609.0,0.361,4.5,55.0,235.0
Rattus norvegicus,CHEMBL552284,CN1C[C@@H](N(Cc2cccc(F)c2F)c2ccc(C#N)c(Cl)c2)CC1=O,6.2,100.0,2300.0,0.66,3.4,16.0,210.0
Rattus norvegicus,CHEMBL552023,CCN1C[C@@H](N(Cc2cc(F)ccc2Cl)c2ccc(C#N)c(Cl)c2)CC1=O,2.0,100.0,290.0,0.097,15.0,75.0,681.0
Rattus norvegicus,CHEMBL551964,Cc1ccc2c3c(ccc2n1)OC[C@H](CN1CCN(c2ccc4cc(C#N)ccc4n2)CC1)O3,3.8,61.0,1268.0,0.456,8.9,0.22,100.0
Mus musculus,CHEMBL551735,O=C(C=C1CCN(C(=O)c2ccccc2O)CC1)N[C@@H]1CCN(Cc2ccc3cc(F)ccc3c2)C1,2.9,35.0,190.0,0.6,9.877,88.0,100.0
Rattus norvegicus,CHEMBL551474,CNC[C@@H](O)[C@H](c1cccc(F)c1)n1c(=O)n(C(C)C)c2cccc(F)c21,2.3,97.0,7076.0,1.121,12.0,24.0,80.0
Rattus norvegicus,CHEMBL551355,CC(=O)c1ccc(-c2ccc(N3CC[C@@H]4CN(C)C[C@@H]43)cc2)cc1,1.6,14.7,178.6,0.0067,2.5,96.5,211.2
Rattus norvegicus,CHEMBL551031,Cc1ccc(NC(=O)c2cccc(C(F)(F)F)c2)cc1/C=C/n1cnc2c(Nc3cccnc3)ncnc21,2.4,11.0,3311.0,0.387,5.1,8.167,409.0
Mus musculus,CHEMBL550971,CNC(=O)c1nn(C)c2c1C(C)(C)Cc1cnc(Nc3ccc(OC4CCN(C)CC4)cc3)nc1-2.Cl,3.9,38.0,211.0,0.66,5.273,43.68,100.0
Rattus norvegicus,CHEMBL550795,O=C(O)c1ccc(-c2c[nH]c3ncc(-c4ccccc4)cc23)cc1,9.4,100.0,392.0,0.51,8.8,64.4,108.0
Rattus norvegicus,CHEMBL550519,CCn1c(=O)cc(Nc2cc(C(=O)NC3CC3)ccc2Cl)c2cnn(-c3ccc(F)cc3F)c21,3.4,16.0,776.0,0.41,1.5,7.0,110.0
Rattus norvegicus,CHEMBL550467,C[C@H](Cc1ccccc1)n1c(-c2ncccc2C(F)(F)F)nc2ccnc(C(F)(F)F)c2c1=O,0.8,24.0,1200.0,0.1,2.9,17.0,400.0
Mus musculus,CHEMBL550356,C[C@@H]1CN(c2ccc(F)cc2C(F)(F)F)CCN1S(=O)(=O)c1ccc(N2CCC(C(N)=O)CC2)cc1Cl,7.4,35.0,3147.0,0.913,4.6,11.0,587.0
Mus musculus,CHEMBL550175,C[C@@H]1CN(c2ccc(F)cc2C(F)(F)F)CCN1S(=O)(=O)c1ccc(C(N)=O)cc1Cl,7.3,50.0,17001.0,1.438,2.6,5.0,1000.0
Rattus norvegicus,CHEMBL550038,CC(C)[C@H](NS(=O)(=O)c1ccc2c(c1)oc1ccc(N3CCOC3=O)cc12)C(=O)O,0.5,17.0,0.6,0.456,0.8,18.0,155.0
Rattus norvegicus,CHEMBL549906,O=C(O)Cc1ccc(-c2c[nH]c3ncc(-c4ccc5ccccc5c4)cc23)cc1,4.217,21.0,467.0,0.5,1.3,21.3,420.0
Rattus norvegicus,CHEMBL545712,COc1ccc(CNc2nnc(N3CCC(O)CC3)c3ccc(C#N)cc23)cc1Cl.Cl,2.2,42.0,32.4,0.02554,2.1,18.0,316.0
Rattus norvegicus,CHEMBL545711,Cl.S/C(=N\CCc1ccccn1)c1cccnc1S,2.22,7.9,4700.0,1.20,14.51,144.33,1800.0
Rattus norvegicus,CHEMBL545151,CO/N=C1\CN(c2c(F)c(N)c3c(=O)c(C(=O)O)cn(C4CC4)c3c2F)C[C@]1(C)CN.Cl,6.94,8.9,68770.0,6.67,2.1,20.0,800.0
Mus musculus,CHEMBL542000,O=C(O)c1n[nH]c2c1CC(c1cc(F)ccc1F)CC2,2.9,53.0,1200.0,1.2,1.4,8.3,325.0
Rattus norvegicus,CHEMBL541973,CC(C)CC(c1nnnn1C)N(CC(C)C)c1ccc(C#N)c(Cl)c1,8.9,100.0,572.0,0.146,0.9,24.0,1010.0
Rattus norvegicus,CHEMBL541488,CC(C)=CCC/C(C)=C/CN(CCNC1C2CC3CC(C2)CC1C3)C(=O)OCOC(=O)C(C)C.O=C(O)/C=C\C(=O)O,4.58,91.4,5441.2,1.309,0.8,41.5,750.0
Mus musculus,CHEMBL540716,CC(=O)NCC(=O)N1C[C@H](NC(=O)c2ccccc2)C[C@H]1C(=O)O,0.3,2.0,66.0,0.038,0.3,24.0,434.0
Mus musculus,CHEMBL540715,NCC(=O)N1C[C@H](NC(=O)c2ccccc2)C[C@H]1C(=O)NC1CC1,1.6,6.0,90.0,0.044,2.0,58.0,227.0
Rattus norvegicus,CHEMBL540704,CCn1c2ccccc2c2cc(NC(=O)CCc3nc(-c4ccccc4F)no3)ccc21,1.6,13.0,460.0,0.1,0.3,20.0,81.0
Mus musculus,CHEMBL540620,Cl.O=C(NCc1ccc(N2CCN(Cc3ccccc3)CC2)cc1)c1ccc([N+](=O)[O-])o1,1.1,80.0,1220,2.24,0.4,29.7,936.0
Mus musculus,CHEMBL539969,CS(=O)(=O)O.NCCSCc1cnccc1SC1=C(C(=O)O)N2C(=O)[C@@H](NC(=O)/C(=N\O)c3nc(N)sc3Cl)[C@H]2SC1,0.17,2.3,1110.2,133.3,0.22,20.0,80.0
Rattus norvegicus,CHEMBL539734,CCCCCOC(=O)N1CCN(C(=O)[C@H](CCC(=O)O)NC(=O)c2cc(N3CCC(CN)CC3)cc(-c3ccccc3)n2)CC1,0.4,0.0,100.0,2.1,2.6,70.0,9.0
Rattus norvegicus,CHEMBL539733,CCCCCOC(=O)N1CCN(C(=O)[C@H](CCC(=O)O)NC(=O)c2cc(N3CCC(COC)CC3)cc(-c3ccccc3)n2)CC1,0.7,25.0,120.0,1.4,0.3,3.0,80.0
Rattus norvegicus,CHEMBL539663,CCC(C)Nc1nc(-c2ccc(S(C)(=O)=O)cc2)cc(C(F)(F)F)n1,9.0,107.0,1200.0,4.5,6.0,10.0,75.0
Rattus norvegicus,CHEMBL539650,CC(C)(C)Sc1c(CC(C)(C)C(=O)O)n(Cc2ccc(-c3nccs3)cc2)c2ccc(OCc3ccccn3)cc12,6.3,50.0,9540.0,4.3,0.71,8.6,620.0
Mus musculus,CHEMBL539433,Cc1cn(-c2cc(NC(=O)c3ccc(C)c(/C=C/n4cnc5c(NC6CC6)ncnc54)c3)cc(C(F)(F)F)c2)cn1,8.3,7.0,17249.0,1.02,0.5,1.0,1000.0
Mus musculus,CHEMBL539398,O=C(O)c1n[nH]c2c1CC(c1cccnc1F)CC2,2.6,47.0,1320.8,1.2,2.4,21.0,2.5
Rattus norvegicus,CHEMBL539377,CN(C)C(=N)/N=C(\N)NSC1CCCCC1,3.0,64.5,4583.33,1.3,0.5,59.0,10.0
Rattus norvegicus,CHEMBL538762,CN(C)CC/N=C(\S)c1cccnc1S.Cl,2.72,100.0,6910.0,2.1,11.19,60.83,1000.0
Rattus norvegicus,CHEMBL538635,CC(C)n1c(=O)c(C(=O)N[C@@H]2C[C@@H]3CC[C@H](C2)N3C[C@@H](O)CN2CCN(S(C)(=O)=O)CC2)cc2ccccc21,5.2,20.0,200.0,0.031,0.9,54.0,15.0
Rattus norvegicus,CHEMBL538632,CC(C)(C)Sc1c(CC(C)(C)C(=O)O)n(Cc2ccc(-c3cccnc3)cc2)c2ccc(OCc3ccccn3)cc12,7.6,8.0,1880.0,0.92,0.38,7.0,7.9
Rattus norvegicus,CHEMBL538336,CC(C)CC1NC(=O)C2(CCN(Cc3ccc(Oc4ccccc4)cc3)CC2)N(CCC(C)O)C1=O.Cl,0.8067,34.1,10532.0,7.2,0.145,16.0,146.0
Rattus norvegicus,CHEMBL538090,Cl.N[C@H]1CN(CCc2ccc3c(c2)OCO3)C(=O)C[C@@H]1c1cc(F)c(F)cc1F,0.42,9.0,322.0,0.192,1.04,36.33,1000.0
Rattus norvegicus,CHEMBL537424,CCCCN1C(=O)C(CC(C)C)NC(=O)C12CCN(Cc1ccc(Oc3ccccc3)cc1)CC2.Cl,0.2,1.3,372.0,0.1,2.349,137.0,1000.0
Rattus norvegicus,CHEMBL537219,Cl.O=C(c1ccc(F)cc1)N1CCN(c2ccc(OC3CCN(C4CCC4)CC3)cc2)C(=O)C1,2.0,35.0,837.0,0.337,0.87,18.0,3160.0
Mus musculus,CHEMBL53710,COc1ccc(Cn2cc(C)c3ccc(C(=O)Nc4c(Cl)cncc4Cl)cc32)cc1,2.6,3.7,677.8,2.1,2.4,24.67,2500.0
Rattus norvegicus,CHEMBL536743,CCCCN1C(=O)C(CC2CCCCC2)NC(=O)C12CCN(Cc1ccc(Oc3ccccc3)cc1)CC2.Cl,0.4,1.9,400.0,0.0056,2.542,113.0,77.0
Rattus norvegicus,CHEMBL536636,NC[C@H]1CC[C@]2(CC1)OOC1(O2)C2CC3CC(C2)CC1C3,1.5,31.0,139.0,3.2,0.5,129.0,865.0
Rattus norvegicus,CHEMBL536536,Cl.N[C@@H](CC(=O)N1CCn2c(nnc2C(F)(F)F)C1C(O)c1ccc(F)cc1)Cc1cc(F)c(F)cc1F,2.6,8.0,200.9,2.5,0.09,63.0,500.0
Rattus norvegicus,CHEMBL536511,Cl.O=C(O)COc1cccc(CN2CCC[C@@H]2c2nc(-c3ccccc3)c(-c3ccccc3)o2)c1,0.5683,41.0,81.7,0.0155,0.6,21.0,180
Rattus norvegicus,CHEMBL536312,Cl.N[C@@H](CC(=O)N1CCn2c(nnc2C(F)(F)F)C1Cc1cc(C(F)(F)F)cc(C(F)(F)F)c1)Cc1cc(F)c(F)cc1F,4.1,19.0,1490.0,0.7,3.4,50.0,100.0
Mus musculus,CHEMBL536072,COc1c(C)ncc(Cn2cnc3c(Cl)nc(N)nc32)c1C.Cl,0.9,21.0,9000.0,28.2,4.3,11.0,793.2
Rattus norvegicus,CHEMBL536057,C=C(CNN)c1ccccc1.Cl,11.28,80.0,1340.25,0.366,3.4,0.4,894.0
Mus musculus,CHEMBL535714,O=C(Nc1cc(C(F)(F)F)ccc1-n1cncn1)C1(c2ccccc2)CC1,2.77,81.0,596.0,2.34,7.64,29.7,600.0
Rattus norvegicus,CHEMBL535165,CCCn1c(=O)c2nc(C34CCC(CCC(=O)O)(CC3)CC4)[nH]c2n(CCC)c1=O.Cl,3.1,99.0,10000.0,11.2,0.3,1.6,674.0
Mus musculus,CHEMBL535,CCN(CC)CCNC(=O)c1c(C)[nH]c(/C=C2\C(=O)Nc3ccc(F)cc32)c1C,0.205,23.4,11848.0,0.963,3.361,13.0,400.0
Rattus norvegicus,CHEMBL534717,CN(C)[C@@H]1CCN(c2ccc(-c3coc4cc(-c5ccc(Cl)cc5)ccc4c3=O)cn2)C1.Cl,5.0,66.0,859.0,2.4,58.0,133.0,877.5
Rattus norvegicus,CHEMBL531475,COc1ccc(-c2cc(-c3ccc(S(C)(=O)=O)cc3)cnc2N)cn1,6.5,83.0,984.0,5.5,4.3,18.3,100.0
Mus musculus,CHEMBL530733,OC(CNC1CCCCC1)Cn1c2ccc(Br)cc2c2cc(Br)ccc21,15.0,50.0,3753.0,0.158,13.0,12.3,121.55
Rattus norvegicus,CHEMBL529213,O=C([C@@H]1C[C@H]1c1ccc(C(F)(F)F)cc1)N1CCN(S(=O)(=O)c2cc(-c3nnc[nH]3)cc(C(F)(F)F)c2)CC1,3.8,31.0,899.0,1.2,3.8,23.7,81.0
Mus musculus,CHEMBL529,CC[C@H]1OC(=O)[C@H](C)[C@@H](O[C@H]2C[C@@](C)(OC)[C@@H](O)[C@H](C)O2)[C@H](C)[C@@H](O[C@@H]2O[C@H](C)C[C@H](N(C)C)[C@H]2O)[C@](C)(O)C[C@@H](C)CN(C)[C@H](C)[C@@H](O)[C@]1(C)O,2.0,33.0,1200.0,1.3,8.8,23.2,443.0
Mus musculus,CHEMBL528387,Cc1[nH]c(C)c(-c2ccc(-c3ccc(OC(F)(F)F)cc3)nc2)c(=O)c1Cl,18.7,54.9,166800.0,2.29,2.1,0.53,342.0
Rattus norvegicus,CHEMBL528104,CC(C)(C)Cn1c(CN2CCC3(CC2)NC(=O)NC3=O)cc2cnc(C#N)nc21,1.6,42.0,1200.0,2.1,5.9,78.33,90.0
Mus musculus,CHEMBL528047,Cc1[nH]c(C)c(-c2ccc(-c3ccc(OC(F)(F)F)cc3)nc2)c(=O)c1Br,14.59,49.15,117600.0,4.1,2.4,0.72,100.0
Rattus norvegicus,CHEMBL527883,CC(C)(C)Cn1c(CN2C(=O)NC3(CCNCC3)C2=O)cc2cnc(C#N)nc21,3.3,21.3,1300.0,1.2,59.2,245.0,71.2
Rattus norvegicus,CHEMBL527112,CCC(c1ccc(-c2ccc(F)cc2)cc1)n1ccnc1,10.0,42.3,70729.0,3.288,12.0,11.67,30.0
Rattus norvegicus,CHEMBL526837,CCN(C(=O)CN(c1cc2c(C)nsc2cc1Cl)S(=O)(=O)c1ccc(OC)c(OC)c1)c1cccc(C)n1,0.8,2.0,121.0,0.04,1.5,32.0,65.4
Rattus norvegicus,CHEMBL526305,C[C@](O)(c1ccc(C(=O)N(C2CC2)[C@H]2CC[C@](O)(C3CC3)CC2)cc1)C(F)(F)F,12.2,76.0,8900.0,0.9,2.7,4.0,77.0
Rattus norvegicus,CHEMBL526107,CN1CCC(CCOc2nc(C#N)nc(NCC3CCC4(CC3)CC4)c2Br)CC1,4.6,100.0,1100.0,0.003,4.5,85.0,336.0
Rattus norvegicus,CHEMBL526098,Cc1cccc(NS(=O)(=O)c2ccc(-c3ccc(C#N)cc3)cc2)n1,28.0,89.0,1432.0,0.54,0.15,0.06,210.0
Mus musculus,CHEMBL526092,CCC1CNC(=O)c2cc(-c3ccnc(N)n3)[nH]c21,1.3,74.0,12202.9,0.21,1.5,125.0,1000.0
Rattus norvegicus,CHEMBL526083,CC(C)N(C)c1nc2ccc(NC(=O)c3cnc(-c4ccc(F)cc4)cn3)cc2[nH]1,2.3,35.0,500.0,0.102,2.3,11.0,120.0
Rattus norvegicus,CHEMBL526,CC(C)c1cccc(C(C)C)c1O,0.7,42.0,77.0,0.6,5.23,12.0,27.08
Rattus norvegicus,CHEMBL525893,Cc1ccn(-c2ccc(-c3ncco3)cc2)c(=O)c1-c1ccc2nc(N)ncc2c1,2.6,39.0,9860.0,1.23,1.59,7.667,443.5
Rattus norvegicus,CHEMBL525716,CCCN(CCC)c1c(C)nc(-c2c(OC)cc(Cl)cc2OC)nc1OC,2.8,2.0,689.0,0.21,2.5,21.0,30.0
Mus musculus,CHEMBL525177,CNCC(=O)N[C@H](c1cc(Cl)ccc1N1CCN(C(=O)[C@H](C)Cc2ccc(Cl)cc2)CC1)C(C)C,1.8,13.0,232.0,0.088,4.6,102.0,400.0
Rattus norvegicus,CHEMBL525076,CC[C@H](C)[C@H](NC(=O)[C@H](CC(C)C)NC(=O)[C@H](CO)NC(=O)[C@H](Cc1cnc[nH]1)NC(=O)[C@@H](NC(=O)[C@H](CC(C)C)NC(=O)[C@H](CO)NC(=O)[C@@H](NC(=O)[C@H](Cc1ccc(O)cc1)NC(C)=O)[C@@H](C)O)[C@@H](C)CC)C(=O)N[C@@H](CCC(=O)O)C(=O)N[C@@H](CCC(=O)O)C(=O)N[C@@H](CO)C(=O)N[C@@H](CCC(N)=O)C(=O)N[C@@H](CC(N)=O)C(=O)N[C@@H](CCC(N)=O)C(=O)N[C@@H](CCC(N)=O)C(=O)N[C@@H](CCC(=O)O)C(=O)N[C@@H](CCCCN)C(=O)N[C@@H](CC(N)=O)C(=O)N[C@@H](CCC(=O)O)C(=O)N[C@@H](CCC(N)=O)C(=O)N[C@@H](CCC(=O)O)C(=O)N[C@@H](CC(C)C)C(=O)N[C@@H](CC(C)C)C(=O)N[C@@H](CCC(=O)O)C(=O)N[C@@H](CC(C)C)C(=O)N[C@@H](CC(=O)O)C(=O)N[C@@H](CCCCN)C(=O)N[C@@H](Cc1c[nH]c2ccccc12)C(=O)N[C@@H](C)C(=O)N[C@@H](CO)C(=O)N[C@@H](CC(C)C)C(=O)N[C@@H](Cc1c[nH]c2ccccc12)C(=O)N[C@@H](CC(N)=O)C(=O)N[C@@H](Cc1c[nH]c2ccccc12)C(=O)N[C@@H](Cc1ccccc1)C(N)=O,2.8,42.0,26900.0,0.88,4.5,12.0,435.7
Rattus norvegicus,CHEMBL525010,CCN(C(=O)CN(c1cc(N(C)C)ccc1Cl)S(=O)(=O)c1ccc(OC)c(OC)c1)c1cccc(C)n1,0.5,35.0,2290.0,0.582,1.7,38.0,1000.0
Rattus norvegicus,CHEMBL524530,Cc1ccn2nc(-c3ccc(F)cc3)c(-c3ccncc3)c2c1,1.2,25.0,200.0,0.99,2.0,83.0,1200.0
Mus musculus,CHEMBL524443,CNCC(=O)N[C@H](c1cccc(F)c1N1CCN(C(=O)[C@H](C)Cc2ccc(Cl)cc2Cl)CC1)C(C)C,3.8,23.0,1014.0,0.172,2.0,39.0,323.0
Rattus norvegicus,CHEMBL523413,Cc1cc(-c2ccc3nnc(Cc4ccc(O)cc4)n3n2)sn1,2.58,59.0,5100.0,0.21,0.35,4.0,400.0
Mus musculus,CHEMBL523035,CCOC(=O)Nc1ccc2oc3cc(S(=O)(=O)N[C@H](C(=O)O)C(C)C)ccc3c2c1,0.5,42.0,10834.0,7.791,1.6,19.0,500.0
Mus musculus,CHEMBL523034,COC(=O)Nc1ccc2oc3cc(S(=O)(=O)N[C@H](C(=O)O)C(C)C)ccc3c2c1,0.5,27.0,7476.0,3.084,1.9,17.2,121.5
Rattus norvegicus,CHEMBL522892,CN1CCN(c2ccc3nc(-c4c(N)c5c(F)cccc5[nH]c4=O)[nH]c3c2)CC1,3.5,73.0,5666.67,0.48,13.0,43.0,2100.0
Mus musculus,CHEMBL522771,Cc1ncsc1C(=O)N(Cc1cc(=O)[nH]c2c(F)cccc12)c1cccc(Cl)c1,0.9,7.0,450.0,1.4,1.6,100.0,4100.3
Rattus norvegicus,CHEMBL522579,Cc1nnc(-c2ccc(-c3cc(C(=O)NC4CC4)ccc3C)c(C)c2)o1,4.6,91.0,4180.0,2.1,1.2,3.0,800.9
Rattus norvegicus,CHEMBL522328,C[C@H](NCc1ccc2c(c1)[nH]/c(=N\C(=O)c1ccc(-c3cn[nH]c3)s1)n2CC(C)(C)O)C(C)(C)C,2.5,21.0,659.0,0.092,11.6,53.1,765.4
Rattus norvegicus,CHEMBL522322,COc1ccc(OC)c2c(C(=O)C(=O)N3CCN(C(=O)c4ccccc4)CC3)c[nH]c12,1.85,107.0,1200.0,3.2,0.52,5.2,669.0
Rattus norvegicus,CHEMBL522161,O=C(Nc1nc(C(F)(F)F)co1)C1c2ccccc2Oc2c(F)cccc21,3.7,15.0,1098.8,1.44,0.99,3.3,909.9
Rattus norvegicus,CHEMBL521982,O=C(Nc1nc(C(F)(F)F)co1)C1c2ccccc2Oc2ccccc21,0.9,15.0,999.0,1.33,1.34,63.3,1200.0
Mus musculus,CHEMBL521715,COc1cc(Cl)ccc1C[C@@H](C)C(=O)N1CCN(c2c(F)cccc2[C@@H](NC(=O)C2CNC2)C(C)C)CC1,4.4,5.6,336.0,0.104,2.1,28.0,800.0
Rattus norvegicus,CHEMBL521686,O=C(c1cc(Cc2n[nH]c(=O)c3ccccc23)ccc1F)N1CCN(C(=O)C2CC2)CC1,0.8833,45.4,4989.5,12.29,0.83,30.0,811.2
Rattus norvegicus,CHEMBL521674,CCn1cnc(CN2CCN(c3cccc4[nH]c(-c5ccc(C(C)(C)C)cc5)nc34)CC2)c1C,3.7,93.0,124.0,0.533,2.7,134.0,844.55
Ovis aries,CHEMBL521,CC(C)Cc1ccc(C(C)C(=O)O)cc1,0.7,100.0,56766.65,0.02843,0.9,3.8,1394.0
Rattus norvegicus,CHEMBL518924,NCCCCN(Cc1nc2ccccc2[nH]1)[C@H]1CCCc2cccnc21,1.4,66.0,58.0,1.2,0.5,3.7,1000.0
Rattus norvegicus,CHEMBL518890,Fc1ccc(-c2nn3c(OCC(F)(F)F)cccc3c2-c2ccncc2)cc1,2.1,72.0,500.0,0.556,5.4,40.0,500.0
Rattus norvegicus,CHEMBL518831,COc1cccc([C@H]2C[C@@H]2NC(=O)CC(C)(C)NCC(=O)N2C[C@@H](F)C[C@H]2C#N)c1,6.8,194.0,1345.0,0.898,2.5,124.0,40.0
Rattus norvegicus,CHEMBL51879,CC1(C)[C@H](C(=O)N=C(N)N)[C@H]1c1cccc2c1CCO2,3.0,63.0,232.0,0.99,8.6,74.0,777.6
Rattus norvegicus,CHEMBL518348,Cc1cc(CNC(=O)c2cc(-c3ccc(C(C)(C)C)cc3)n(C)n2)ccc1OC(C)(C)C(=O)O,0.83,22.0,1130.0,1.791,0.3,17.0,599.0
Rattus norvegicus,CHEMBL518308,Cc1ccccc1N/C(=N\C#N)N1CCN(C(=O)Nc2ccc(Cl)cc2)C(c2ccccc2)C1,0.9,21.0,7489.0,1.2,5.3,68.0,900.0
Mus musculus,CHEMBL518303,C[C@@H]1CN(c2ccc(F)cc2C(F)(F)F)CCN1S(=O)(=O)c1cccc(-n2cncn2)c1,1.8,34.0,1041.0,0.149,4.2,13.0,1000.0
Rattus norvegicus,CHEMBL518203,COc1cc2nccc(Oc3ccc4c(NC(=O)c5cccc(C)c5)nn(C)c4c3)c2cc1OC,2.7,12.0,153.0,0.5,2.4,20.0,788.0
Rattus norvegicus,CHEMBL517776,CC(C)(CC(=O)N[C@H]1C[C@@H]1c1cccc(Cl)c1)NCC(=O)N1C[C@@H](F)C[C@H]1C#N,4.8,42.0,1905.0,0.621,3.1,22.0,1200.0
Rattus norvegicus,CHEMBL517140,CNC(=O)c1ccc(Oc2ccc3c(c2)CCN(C2CCC2)CC3)nc1,3.7,51.0,2596.0,0.435,3.4,19.6,1220.0
Rattus norvegicus,CHEMBL517072,N[C@@H](CC(=O)N1CCn2c(nnc2C(F)(F)C(F)(F)F)C1)Cc1cc(F)c(F)cc1F,2.3,61.0,800.0,0.665,1.2,58.0,1011.3
Rattus norvegicus,CHEMBL516640,COc1ccc(-n2cnc3ccc(-c4nnc(SCc5cccc(C#N)c5)o4)cc32)cc1,1.7,16.0,7.9,0.564,1.453,35.58,990.9
Mus musculus,CHEMBL516533,O=S(=O)(Nc1ccccc1)c1ccc(NC(=S)Nc2ccccc2)cc1,5.65,69.3,5014.05,2.698,2.1,21.3,1000.0
Rattus norvegicus,CHEMBL516479,CC(C)(C)c1ccc(-c2nc3c(N4CCN(Cc5c[nH]c(=O)[nH]c5=O)CC4)cccc3[nH]2)cc1,3.5,5.0,355.0,0.019,3.1,47.0,800.0
Rattus norvegicus,CHEMBL516439,O[C@@H](CN1c2cccc(-c3cccc(OC(F)(F)F)c3)c2CC[C@@H]1c1cccc(OC(F)(F)C(F)F)c1)C(F)(F)F,28.0,31.0,31300.0,0.011,0.36,1.8,455.6
Rattus norvegicus,CHEMBL516033,CCN(CC(O)(CNC(=O)c1cnn(-c2ccc(F)cc2)c1N)C(F)(F)F)C(=O)c1c(F)cccc1S(C)(=O)=O,1.6,62.0,700.0,0.221,2.6,9.0,68.0
Rattus norvegicus,CHEMBL515919,COc1ccc(NC(=O)c2ccc(C(=N)N(C)C)cc2F)c(C(=O)Nc2ccc(Cl)cn2)c1,5.5,48.6,770.0,0.111,1.44,57.5,655.4
Rattus norvegicus,CHEMBL515387,O=C([C@@H]1C[C@H](N2CCN(c3ncccn3)CC2)CN1)N1CCC(F)(F)C1,2.5,109.0,2398.0,1.406,1.9,38.0,344.5
Rattus norvegicus,CHEMBL515025,CNC(=O)c1c(NCC2CCC3(CCC3)CC2)nc(C#N)nc1OCC1CCN(C)CC1,6.7,40.0,233.4,0.55,9.8,18.33,67.0
Rattus norvegicus,CHEMBL514828,COc1cc(N2CCN(C(C)C)CC2)ccc1Nc1nc(Nc2ccccc2C(N)=O)c2cc[nH]c2n1,2.1,37.0,1220.0,0.069,19.5,142.0,1200.0
Rattus norvegicus,CHEMBL514800,CCOc1cc([C@@H](CS(C)(=O)=O)N2C(=O)c3cccc(NC(C)=O)c3C2=O)ccc1OC,5.0,64.0,11000.0,6.6,2.0,8.333,107.6
Rattus norvegicus,CHEMBL514670,Cc1ccc(NC(=O)c2cccc(C(F)(F)F)c2)cc1C(=O)Nc1cnc(N)c(Cl)c1,1.6,78.0,2090.0,1.22,1.0,8.0,400.0
Rattus norvegicus,CHEMBL514611,CN(Cc1ccc(Cl)cc1)C(=O)[C@H]1CCCN1C(=O)Nc1ccc(C(F)(F)F)cc1,4.4,45.0,9390.0,0.834,2.1,4.2,889.6
Rattus norvegicus,CHEMBL514510,Cc1ccccc1[C@@]1(O)C[C@H](C(=O)Nc2ccc(-n3ccccc3=O)cn2)N(C(=O)Nc2ccc(Cl)cc2)C1,1.3,14.0,489.0,0.655,0.468,5.12,566.0